{
  "total_tldrs": 18,
  "total_tokens": 44172,
  "total_cost": 0.005989200000000002,
  "runs": 47,
  "last_run": "2026-01-03T09:59:29.835797"
}