{
  "total_tldrs": 18,
  "total_tokens": 43023,
  "total_cost": 0.005834400000000002,
  "runs": 38,
  "last_run": "2026-01-03T08:38:59.882580"
}