{
  "total_tldrs": 20,
  "total_tokens": 49909,
  "total_cost": 0.0067699000000000014,
  "runs": 138,
  "last_run": "2026-01-04T00:44:31.591835"
}