{
  "total_tldrs": 31,
  "total_tokens": 66822,
  "total_cost": 0.0090015,
  "runs": 159,
  "last_run": "2026-01-04T07:08:06.407092"
}