{
  "total_tldrs": 31,
  "total_tokens": 66270,
  "total_cost": 0.0089256,
  "runs": 158,
  "last_run": "2026-01-04T06:57:22.269268"
}