{
  "total_tldrs": 6,
  "total_tokens": 27486,
  "total_cost": 0.003707400000000001,
  "runs": 25,
  "last_run": "2026-01-03T06:40:29.359514"
}