{
  "total_tldrs": 9,
  "total_tokens": 30367,
  "total_cost": 0.004102600000000001,
  "runs": 28,
  "last_run": "2026-01-03T07:01:07.462818"
}