{
  "total_tldrs": 2,
  "total_tokens": 16858,
  "total_cost": 0.0022846000000000003,
  "runs": 13,
  "last_run": "2026-01-03T04:33:10.850031"
}