{
  "total_tldrs": 2,
  "total_tokens": 23529,
  "total_cost": 0.0031569000000000007,
  "runs": 18,
  "last_run": "2026-01-03T05:32:16.289024"
}