{
  "total_tldrs": 31,
  "total_tokens": 74896,
  "total_cost": 0.009938200000000001,
  "runs": 194,
  "last_run": "2026-01-04T12:30:03.609399"
}