{
  "total_tldrs": 4,
  "total_tokens": 25953,
  "total_cost": 0.0035058000000000008,
  "runs": 23,
  "last_run": "2026-01-03T06:10:05.208169"
}