{
  "total_tldrs": 24,
  "total_tokens": 58275,
  "total_cost": 0.007877400000000001,
  "runs": 142,
  "last_run": "2026-01-04T03:34:22.271293"
}