{
  "total_tldrs": 31,
  "total_tokens": 74264,
  "total_cost": 0.009854900000000002,
  "runs": 189,
  "last_run": "2026-01-04T11:41:11.458133"
}