{
  "total_tldrs": 19,
  "total_tokens": 45557,
  "total_cost": 0.006180200000000002,
  "runs": 62,
  "last_run": "2026-01-03T12:15:06.438447"
}