{
  "total_tldrs": 12,
  "total_tokens": 35321,
  "total_cost": 0.004792400000000001,
  "runs": 31,
  "last_run": "2026-01-03T07:32:01.294374"
}