{
  "total_tldrs": 31,
  "total_tokens": 67621,
  "total_cost": 0.0091018,
  "runs": 172,
  "last_run": "2026-01-04T09:09:07.460955"
}