{
  "total_tldrs": 1,
  "total_tokens": 9970,
  "total_cost": 0.0013597000000000001,
  "runs": 7,
  "last_run": "2026-01-03T02:30:15.133640"
}