{
  "total_tldrs": 31,
  "total_tokens": 69786,
  "total_cost": 0.0093294,
  "runs": 174,
  "last_run": "2026-01-04T09:31:22.616589"
}