{
  "total_tldrs": 1,
  "total_tokens": 2423,
  "total_cost": 0.0003401,
  "runs": 1,
  "last_run": "2026-01-03T00:25:49.362792"
}