{
  "total_tldrs": 26,
  "total_tokens": 59882,
  "total_cost": 0.008089700000000002,
  "runs": 144,
  "last_run": "2026-01-04T04:31:35.916083"
}