{
  "total_tldrs": 19,
  "total_tokens": 45557,
  "total_cost": 0.006180200000000002,
  "runs": 55,
  "last_run": "2026-01-03T11:17:38.880212"
}