{
  "total_tldrs": 2,
  "total_tokens": 11868,
  "total_cost": 0.0016071000000000002,
  "runs": 9,
  "last_run": "2026-01-03T03:07:41.195060"
}