{
  "total_tldrs": 31,
  "total_tokens": 74896,
  "total_cost": 0.009938200000000001,
  "runs": 193,
  "last_run": "2026-01-04T12:14:40.659229"
}