{
  "total_tldrs": 17,
  "total_tokens": 41890,
  "total_cost": 0.005686000000000002,
  "runs": 36,
  "last_run": "2026-01-03T08:11:34.605814"
}