{
  "total_tldrs": 19,
  "total_tokens": 45972,
  "total_cost": 0.006239100000000002,
  "runs": 74,
  "last_run": "2026-01-03T14:41:22.722770"
}