{
  "total_tldrs": 1,
  "total_tokens": 5848,
  "total_cost": 0.0007918000000000001,
  "runs": 3,
  "last_run": "2026-01-03T00:48:36.511558"
}