{
  "total_tldrs": 18,
  "total_tokens": 44172,
  "total_cost": 0.005989200000000002,
  "runs": 42,
  "last_run": "2026-01-03T09:20:18.775125"
}