{
  "total_tldrs": 7,
  "total_tokens": 28274,
  "total_cost": 0.0038144000000000008,
  "runs": 26,
  "last_run": "2026-01-03T06:53:33.369247"
}