{
  "total_tldrs": 5,
  "total_tokens": 26744,
  "total_cost": 0.0036122000000000007,
  "runs": 24,
  "last_run": "2026-01-03T06:23:08.565954"
}