{
  "total_tldrs": 15,
  "total_tokens": 40258,
  "total_cost": 0.005464600000000002,
  "runs": 34,
  "last_run": "2026-01-03T07:53:11.058384"
}