{
  "total_tldrs": 22,
  "total_tokens": 55041,
  "total_cost": 0.007451400000000002,
  "runs": 140,
  "last_run": "2026-01-04T01:59:32.105457"
}