{
  "total_tldrs": 31,
  "total_tokens": 71168,
  "total_cost": 0.0094721,
  "runs": 175,
  "last_run": "2026-01-04T09:39:44.009756"
}