{
  "total_tldrs": 14,
  "total_tokens": 37311,
  "total_cost": 0.005067000000000002,
  "runs": 33,
  "last_run": "2026-01-03T07:46:29.411273"
}