{
  "total_tldrs": 32,
  "total_tokens": 78299,
  "total_cost": 0.010376000000000002,
  "runs": 202,
  "last_run": "2026-01-04T14:09:06.706347"
}