{
  "total_tldrs": 18,
  "total_tokens": 43023,
  "total_cost": 0.005834400000000002,
  "runs": 40,
  "last_run": "2026-01-03T08:58:27.339625"
}