{
  "total_tldrs": 1,
  "total_tokens": 7489,
  "total_cost": 0.0010207,
  "runs": 4,
  "last_run": "2026-01-03T00:50:23.983855"
}