{
  "total_tldrs": 30,
  "total_tokens": 64693,
  "total_cost": 0.008722,
  "runs": 148,
  "last_run": "2026-01-04T05:05:25.996960"
}