{
  "total_tldrs": 23,
  "total_tokens": 56649,
  "total_cost": 0.007665000000000002,
  "runs": 141,
  "last_run": "2026-01-04T02:55:58.215755"
}