{
  "total_tldrs": 16,
  "total_tokens": 41185,
  "total_cost": 0.005589400000000002,
  "runs": 35,
  "last_run": "2026-01-03T07:59:04.610103"
}