{
  "total_tldrs": 19,
  "total_tokens": 45557,
  "total_cost": 0.006180200000000002,
  "runs": 63,
  "last_run": "2026-01-03T12:30:37.888743"
}