{
  "total_tldrs": 31,
  "total_tokens": 72463,
  "total_cost": 0.0096136,
  "runs": 182,
  "last_run": "2026-01-04T10:43:31.752589"
}