{
  "total_tldrs": 31,
  "total_tokens": 72463,
  "total_cost": 0.0096136,
  "runs": 180,
  "last_run": "2026-01-04T10:20:42.967624"
}