{
  "total_tldrs": 13,
  "total_tokens": 36164,
  "total_cost": 0.004906100000000002,
  "runs": 32,
  "last_run": "2026-01-03T07:39:51.330245"
}