{
  "total_tldrs": 31,
  "total_tokens": 77167,
  "total_cost": 0.010231300000000002,
  "runs": 201,
  "last_run": "2026-01-04T13:59:56.193522"
}