{
  "total_tldrs": 31,
  "total_tokens": 75937,
  "total_cost": 0.010070500000000001,
  "runs": 198,
  "last_run": "2026-01-04T13:37:09.965984"
}