{
  "total_tldrs": 2,
  "total_tokens": 20406,
  "total_cost": 0.0027534000000000005,
  "runs": 16,
  "last_run": "2026-01-03T05:07:08.124456"
}