{
  "total_tldrs": 31,
  "total_tokens": 73718,
  "total_cost": 0.0097826,
  "runs": 186,
  "last_run": "2026-01-04T11:16:02.632871"
}