{
  "total_tldrs": 31,
  "total_tokens": 66822,
  "total_cost": 0.0090015,
  "runs": 163,
  "last_run": "2026-01-04T07:47:41.941754"
}