{
  "total_tldrs": 31,
  "total_tokens": 66270,
  "total_cost": 0.0089256,
  "runs": 153,
  "last_run": "2026-01-04T05:53:10.269218"
}