{
  "total_tldrs": 31,
  "total_tokens": 67621,
  "total_cost": 0.0091018,
  "runs": 171,
  "last_run": "2026-01-04T08:58:43.641484"
}