{
  "total_tldrs": 19,
  "total_tokens": 45972,
  "total_cost": 0.006239100000000002,
  "runs": 109,
  "last_run": "2026-01-03T20:00:25.519765"
}