{
  "total_tldrs": 31,
  "total_tokens": 73718,
  "total_cost": 0.0097826,
  "runs": 184,
  "last_run": "2026-01-04T10:57:30.635431"
}