{
  "total_tldrs": 11,
  "total_tokens": 33384,
  "total_cost": 0.004534200000000001,
  "runs": 30,
  "last_run": "2026-01-03T07:22:18.735520"
}