{
  "total_tldrs": 31,
  "total_tokens": 68399,
  "total_cost": 0.0091883,
  "runs": 173,
  "last_run": "2026-01-04T09:20:23.425298"
}