{
  "total_tldrs": 29,
  "total_tokens": 63134,
  "total_cost": 0.0085289,
  "runs": 147,
  "last_run": "2026-01-04T05:04:42.212557"
}