{
  "total_tldrs": 1,
  "total_tokens": 8071,
  "total_cost": 0.0011005000000000001,
  "runs": 5,
  "last_run": "2026-01-03T01:11:18.020974"
}