{
  "total_tldrs": 2,
  "total_tokens": 22147,
  "total_cost": 0.0029773000000000004,
  "runs": 17,
  "last_run": "2026-01-03T05:18:37.478507"
}