{
  "total_tldrs": 31,
  "total_tokens": 72463,
  "total_cost": 0.0096136,
  "runs": 176,
  "last_run": "2026-01-04T09:46:44.802401"
}