{
  "total_tldrs": 19,
  "total_tokens": 45557,
  "total_cost": 0.006180200000000002,
  "runs": 60,
  "last_run": "2026-01-03T11:54:24.475828"
}