{
  "total_tldrs": 2,
  "total_tokens": 13441,
  "total_cost": 0.0018262000000000003,
  "runs": 11,
  "last_run": "2026-01-03T04:00:58.847173"
}