{
  "total_tldrs": 3,
  "total_tokens": 24594,
  "total_cost": 0.003297600000000001,
  "runs": 22,
  "last_run": "2026-01-03T06:02:50.130323"
}