{
  "total_tldrs": 31,
  "total_tokens": 74264,
  "total_cost": 0.009854900000000002,
  "runs": 191,
  "last_run": "2026-01-04T11:53:36.639863"
}