{
  "total_tldrs": 8,
  "total_tokens": 29508,
  "total_cost": 0.003981000000000001,
  "runs": 27,
  "last_run": "2026-01-03T06:59:56.173806"
}