{
  "total_tldrs": 2,
  "total_tokens": 14381,
  "total_cost": 0.0019571000000000002,
  "runs": 12,
  "last_run": "2026-01-03T04:17:39.503117"
}