{
  "total_tldrs": 19,
  "total_tokens": 45972,
  "total_cost": 0.006239100000000002,
  "runs": 121,
  "last_run": "2026-01-03T21:44:03.983544"
}