{
  "total_tldrs": 2,
  "total_tokens": 19030,
  "total_cost": 0.0025723000000000005,
  "runs": 14,
  "last_run": "2026-01-03T04:47:06.272165"
}