{
  "total_tldrs": 1,
  "total_tokens": 10535,
  "total_cost": 0.0014351000000000001,
  "runs": 8,
  "last_run": "2026-01-03T02:55:13.322227"
}