{
  "total_tldrs": 18,
  "total_tokens": 43023,
  "total_cost": 0.005834400000000002,
  "runs": 39,
  "last_run": "2026-01-03T08:49:54.615822"
}