{
  "total_tldrs": 27,
  "total_tokens": 61434,
  "total_cost": 0.008304900000000002,
  "runs": 145,
  "last_run": "2026-01-04T04:53:18.797273"
}