{
  "total_tldrs": 28,
  "total_tokens": 62405,
  "total_cost": 0.008434700000000002,
  "runs": 146,
  "last_run": "2026-01-04T04:58:13.373803"
}