{
  "total_tldrs": 2,
  "total_tokens": 19784,
  "total_cost": 0.0026768000000000004,
  "runs": 15,
  "last_run": "2026-01-03T04:56:56.855526"
}