{
  "total_tldrs": 1,
  "total_tokens": 3544,
  "total_cost": 0.0004888000000000001,
  "runs": 2,
  "last_run": "2026-01-03T00:42:07.593862"
}