{
  "total_tldrs": 25,
  "total_tokens": 59135,
  "total_cost": 0.007992800000000001,
  "runs": 143,
  "last_run": "2026-01-04T04:05:16.246406"
}