{
  "total_tldrs": 10,
  "total_tokens": 32166,
  "total_cost": 0.0043608000000000015,
  "runs": 29,
  "last_run": "2026-01-03T07:10:50.612308"
}