{
  "total_tldrs": 18,
  "total_tokens": 43023,
  "total_cost": 0.005834400000000002,
  "runs": 37,
  "last_run": "2026-01-03T08:24:55.598126"
}