{
  "total_tldrs": 21,
  "total_tokens": 53050,
  "total_cost": 0.007183900000000002,
  "runs": 139,
  "last_run": "2026-01-04T01:15:11.373966"
}