{
  "total_tldrs": 2,
  "total_tokens": 12718,
  "total_cost": 0.0017251000000000002,
  "runs": 10,
  "last_run": "2026-01-03T03:39:47.398700"
}