{
  "total_tldrs": 1,
  "total_tokens": 8492,
  "total_cost": 0.0011609,
  "runs": 6,
  "last_run": "2026-01-03T01:53:18.598040"
}