{
  "total_tldrs": 19,
  "total_tokens": 45557,
  "total_cost": 0.006180200000000002,
  "runs": 61,
  "last_run": "2026-01-03T12:00:42.380525"
}