{
  "total_tldrs": 18,
  "total_tokens": 44172,
  "total_cost": 0.005989200000000002,
  "runs": 50,
  "last_run": "2026-01-03T10:34:14.211221"
}