{
  "last_check": 1767414790.849647,
  "processed_posts": [
    "1q27d25",
    "1q2j6a2"
  ],
  "stats": {
    "total_posts_processed": 13,
    "total_tldrs_generated": 2,
    "total_tokens_used": 16858,
    "total_cost": 0.0022846000000000003
  },
  "daily_tldrs": 15,
  "daily_reset_date": "2026-01-03",
  "comment_summaries": {
    "1q2crc2": 100,
    "1q27d25": 50,
    "1q200mn": 20,
    "1q2crfe": 20,
    "1q1vihz": 20,
    "1q1a8fu": 20,
    "1q12161": 20,
    "1q0zw53": 20,
    "1q0zelr": 20,
    "1q0r6wd": 20,
    "1q0r41u": 100
  }
}