{
  "last_check": 1767515150.724443,
  "processed_posts": [
    "1q27d25",
    "1q2wcw6",
    "1q2j6a2",
    "1q3d8rv",
    "1q33qfc",
    "1q26fmj",
    "1q225qa",
    "1q2vynu"
  ],
  "stats": {
    "total_posts_processed": 167,
    "total_tldrs_generated": 31,
    "total_tokens_used": 66822,
    "total_cost": 0.0090015
  },
  "daily_tldrs": 18,
  "daily_reset_date": "2026-01-04",
  "comment_summaries": {
    "1q2crc2": 100,
    "1q27d25": 50,
    "1q200mn": 50,
    "1q2crfe": 20,
    "1q1vihz": 20,
    "1q1a8fu": 20,
    "1q12161": 20,
    "1q0zw53": 20,
    "1q0zelr": 20,
    "1q0r6wd": 20,
    "1q0r41u": 100,
    "1q0pypa": 50,
    "1q2iuiu": 50,
    "1q0pwoy": 100,
    "1q0km81": 100,
    "1q0iptr": 50,
    "1q2kqmv": 20,
    "1q366br": 50,
    "1q2wcw6": 100,
    "1q2nuwj": 20,
    "1q2jswc": 20,
    "1q341vp": 20,
    "1q3hp50": 20
  },
  "processed_comments": [
    "nxdhd5t",
    "nxdk2bj",
    "nxce127",
    "nxa9soc",
    "nxhgz39",
    "nxct18i",
    "nxcciit",
    "nxdhi17",
    "nxbokj1",
    "nxiynxs",
    "nxipkoz",
    "nxk3n98",
    "nxejn2y",
    "nxcxbyj",
    "nxjkbkz",
    "nxiq52y",
    "nxg73ar",
    "nxcs3ob",
    "nxekwxj",
    "nxazc5k",
    "nxgzw97",
    "nxf2px2",
    "nxchy4o"
  ]
}