{
  "last_check": 1767425521.294025,
  "processed_posts": [
    "1q2j6a2",
    "1q26fmj",
    "1q27d25",
    "1q225qa"
  ],
  "stats": {
    "total_posts_processed": 31,
    "total_tldrs_generated": 12,
    "total_tokens_used": 35321,
    "total_cost": 0.004792400000000001
  },
  "daily_tldrs": 30,
  "daily_reset_date": "2026-01-03",
  "comment_summaries": {
    "1q2crc2": 100,
    "1q27d25": 50,
    "1q200mn": 20,
    "1q2crfe": 20,
    "1q1vihz": 20,
    "1q1a8fu": 20,
    "1q12161": 20,
    "1q0zw53": 20,
    "1q0zelr": 20,
    "1q0r6wd": 20,
    "1q0r41u": 100,
    "1q0pypa": 50,
    "1q2iuiu": 20,
    "1q0pwoy": 100,
    "1q0km81": 100,
    "1q0iptr": 50
  },
  "processed_comments": [
    "nxct18i",
    "nxce127",
    "nxchy4o",
    "nxcxbyj",
    "nxdk2bj",
    "nxdhd5t",
    "nxcs3ob",
    "nxazc5k"
  ]
}