{
  "last_check": 1767408913.321864,
  "processed_posts": [
    "1q27d25"
  ],
  "stats": {
    "total_posts_processed": 8,
    "total_tldrs_generated": 1,
    "total_tokens_used": 10535,
    "total_cost": 0.0014351000000000001
  },
  "daily_tldrs": 9,
  "daily_reset_date": "2026-01-03",
  "comment_summaries": {
    "1q2crc2": 100,
    "1q27d25": 50,
    "1q200mn": 20,
    "1q2crfe": 20,
    "1q1vihz": 20,
    "1q1a8fu": 20
  }
}