{
  "last_check": 1767409661.194727,
  "processed_posts": [
    "1q2j6a2",
    "1q27d25"
  ],
  "stats": {
    "total_posts_processed": 9,
    "total_tldrs_generated": 2,
    "total_tokens_used": 11868,
    "total_cost": 0.0016071000000000002
  },
  "daily_tldrs": 11,
  "daily_reset_date": "2026-01-03",
  "comment_summaries": {
    "1q2crc2": 100,
    "1q27d25": 50,
    "1q200mn": 20,
    "1q2crfe": 20,
    "1q1vihz": 20,
    "1q1a8fu": 20,
    "1q12161": 20
  }
}