{
  "last_check": 1767407415.133286,
  "processed_posts": [
    "1q27d25"
  ],
  "stats": {
    "total_posts_processed": 7,
    "total_tldrs_generated": 1,
    "total_tokens_used": 9970,
    "total_cost": 0.0013597000000000001
  },
  "daily_tldrs": 8,
  "daily_reset_date": "2026-01-03",
  "comment_summaries": {
    "1q2crc2": 100,
    "1q27d25": 50,
    "1q200mn": 20,
    "1q2crfe": 20,
    "1q1vihz": 20
  }
}