{
  "last_check": 1767487471.591496,
  "processed_posts": [
    "1q225qa",
    "1q2j6a2",
    "1q33qfc",
    "1q27d25",
    "1q26fmj"
  ],
  "stats": {
    "total_posts_processed": 138,
    "total_tldrs_generated": 20,
    "total_tokens_used": 49909,
    "total_cost": 0.0067699000000000014
  },
  "daily_tldrs": 2,
  "daily_reset_date": "2026-01-04",
  "comment_summaries": {
    "1q2crc2": 100,
    "1q27d25": 50,
    "1q200mn": 50,
    "1q2crfe": 20,
    "1q1vihz": 20,
    "1q1a8fu": 20,
    "1q12161": 20,
    "1q0zw53": 20,
    "1q0zelr": 20,
    "1q0r6wd": 20,
    "1q0r41u": 100,
    "1q0pypa": 50,
    "1q2iuiu": 50,
    "1q0pwoy": 100,
    "1q0km81": 100,
    "1q0iptr": 50,
    "1q2kqmv": 20,
    "1q366br": 50
  },
  "processed_comments": [
    "nxekwxj",
    "nxbokj1",
    "nxdhi17",
    "nxct18i",
    "nxejn2y",
    "nxce127",
    "nxf2px2",
    "nxa9soc",
    "nxcs3ob",
    "nxchy4o",
    "nxazc5k",
    "nxcxbyj",
    "nxcciit",
    "nxdhd5t",
    "nxdk2bj"
  ]
}