{
  "last_check": 1767411587.398371,
  "processed_posts": [
    "1q27d25",
    "1q2j6a2"
  ],
  "stats": {
    "total_posts_processed": 10,
    "total_tldrs_generated": 2,
    "total_tokens_used": 12718,
    "total_cost": 0.0017251000000000002
  },
  "daily_tldrs": 12,
  "daily_reset_date": "2026-01-03",
  "comment_summaries": {
    "1q2crc2": 100,
    "1q27d25": 50,
    "1q200mn": 20,
    "1q2crfe": 20,
    "1q1vihz": 20,
    "1q1a8fu": 20,
    "1q12161": 20,
    "1q0zw53": 20
  }
}