{
  "last_check": 1767422429.359188,
  "processed_posts": [
    "1q2j6a2",
    "1q225qa",
    "1q27d25",
    "1q26fmj"
  ],
  "stats": {
    "total_posts_processed": 25,
    "total_tldrs_generated": 6,
    "total_tokens_used": 27486,
    "total_cost": 0.003707400000000001
  },
  "daily_tldrs": 24,
  "daily_reset_date": "2026-01-03",
  "comment_summaries": {
    "1q2crc2": 100,
    "1q27d25": 50,
    "1q200mn": 20,
    "1q2crfe": 20,
    "1q1vihz": 20,
    "1q1a8fu": 20,
    "1q12161": 20,
    "1q0zw53": 20,
    "1q0zelr": 20,
    "1q0r6wd": 20,
    "1q0r41u": 100,
    "1q0pypa": 50,
    "1q2iuiu": 20,
    "1q0pwoy": 100,
    "1q0km81": 100,
    "1q0iptr": 50
  },
  "processed_comments": [
    "nxchy4o",
    "nxce127"
  ]
}