{
  "last_check": 1767417517.47818,
  "processed_posts": [
    "1q2j6a2",
    "1q27d25"
  ],
  "stats": {
    "total_posts_processed": 17,
    "total_tldrs_generated": 2,
    "total_tokens_used": 22147,
    "total_cost": 0.0029773000000000004
  },
  "daily_tldrs": 19,
  "daily_reset_date": "2026-01-03",
  "comment_summaries": {
    "1q2crc2": 100,
    "1q27d25": 50,
    "1q200mn": 20,
    "1q2crfe": 20,
    "1q1vihz": 20,
    "1q1a8fu": 20,
    "1q12161": 20,
    "1q0zw53": 20,
    "1q0zelr": 20,
    "1q0r6wd": 20,
    "1q0r41u": 100,
    "1q0pypa": 50,
    "1q2iuiu": 20,
    "1q0pwoy": 100,
    "1q0km81": 100
  }
}