{
  "last_check": 1767440911.034839,
  "processed_posts": [
    "1q27d25",
    "1q26fmj",
    "1q225qa",
    "1q2j6a2"
  ],
  "stats": {
    "total_posts_processed": 59,
    "total_tldrs_generated": 19,
    "total_tokens_used": 45557,
    "total_cost": 0.006180200000000002
  },
  "daily_tldrs": 39,
  "daily_reset_date": "2026-01-03",
  "comment_summaries": {
    "1q2crc2": 100,
    "1q27d25": 50,
    "1q200mn": 50,
    "1q2crfe": 20,
    "1q1vihz": 20,
    "1q1a8fu": 20,
    "1q12161": 20,
    "1q0zw53": 20,
    "1q0zelr": 20,
    "1q0r6wd": 20,
    "1q0r41u": 100,
    "1q0pypa": 50,
    "1q2iuiu": 50,
    "1q0pwoy": 100,
    "1q0km81": 100,
    "1q0iptr": 50
  },
  "processed_comments": [
    "nxdhd5t",
    "nxazc5k",
    "nxf2px2",
    "nxce127",
    "nxdhi17",
    "nxchy4o",
    "nxcs3ob",
    "nxct18i",
    "nxcciit",
    "nxbokj1",
    "nxa9soc",
    "nxekwxj",
    "nxcxbyj",
    "nxejn2y",
    "nxdk2bj"
  ]
}