{
  "last_check": 1767402678.020635,
  "processed_posts": [
    "1q27d25"
  ],
  "stats": {
    "total_posts_processed": 5,
    "total_tldrs_generated": 1,
    "total_tokens_used": 8071,
    "total_cost": 0.0011005000000000001
  },
  "daily_tldrs": 6,
  "daily_reset_date": "2026-01-03",
  "comment_summaries": {
    "1q2crc2": 50,
    "1q27d25": 50,
    "1q200mn": 20,
    "1q2crfe": 20
  }
}